DATE,SALES
2015-01-01,"$500,000 "
2015-01-02,"$400,000 "
2015-01-03,"$382,500 "
2015-01-04,"$540,000 "
2015-01-05,"$500,000 "
2015-01-06,"$625,000 "
2015-01-07,"$450,000 "
2015-01-08,"$380,000 "
2015-01-09,"$371,250 "
2015-01-10,"$540,000 "
2015-01-11,"$500,000 "
2015-01-12,"$610,000 "
2015-01-13,"$462,500 "
2015-01-14,"$380,000 "
2015-01-15,"$360,000 "
2015-01-16,"$510,000 "
2015-01-17,"$475,000 "
2015-01-18,"$600,000 "
2015-01-19,"$450,000 "
2015-01-20,"$360,000 "
2015-01-21,"$371,250 "
2015-01-22,"$495,000 "
2015-01-23,"$475,000 "
2015-01-24,"$732,000 "
2015-01-25,"$508,750 "
2015-01-26,"$450,000 "
2015-01-27,"$425,000 "
2015-01-28,"$525,000 "
2015-01-29,"$650,000 "
2015-01-30,"$750,000 "
2015-01-31,"$550,000 "
2015-02-01,"$462,500 "
2015-02-02,"$450,000 "
2015-02-03,"$540,000 "
2015-02-04,"$682,500 "
2015-02-05,"$765,000 "
2015-02-06,"$563,750 "
2015-02-07,"$475,000 "
2015-02-08,"$450,000 "
2015-02-09,"$555,000 "
2015-02-10,"$715,000 "
2015-02-11,"$750,000 "
2015-02-12,"$563,750 "
2015-02-13,"$475,000 "
2015-02-14,"$462,500 "
2015-02-15,"$540,000 "
2015-02-16,"$698,750 "
2015-02-17,"$720,000 "
2015-02-18,"$550,000 "
2015-02-19,"$462,500 "
2015-02-20,"$450,000 "
2015-02-21,"$540,000 "
2015-02-22,"$650,000 "
2015-02-23,"$568,750 "
2015-02-24,"$700,000 "
2015-02-25,"$747,500 "
2015-02-26,"$536,250 "
2015-02-27,"$506,000 "
2015-02-28,"$495,000 "
2015-03-01,"$568,750 "
2015-03-02,"$682,500 "
2015-03-03,"$780,000 "
2015-03-04,"$550,000 "
2015-03-05,"$522,500 "
2015-03-06,"$495,000 "
2015-03-07,"$585,000 "
2015-03-08,"$700,000 "
2015-03-09,"$225,000 "
2015-03-10,"$315,000 "
2015-03-11,"$245,000 "
2015-03-12,"$245,000 "
2015-03-13,"$220,000 "
2015-03-14,"$245,000 "
2015-03-15,"$212,500 "
2015-03-16,"$297,500 "
2015-03-17,"$236,250 "
2015-03-18,"$218,750 "
2015-03-19,"$200,000 "
2015-03-20,"$245,000 "
2015-03-21,"$262,500 "
2015-03-22,"$350,000 "
2015-03-23,"$245,000 "
2015-03-24,"$240,000 "
2015-03-25,"$225,000 "
2015-03-26,"$260,000 "
2015-03-27,"$270,000 "
2015-03-28,"$360,000 "
2015-03-29,"$253,750 "
2015-03-30,"$250,000 "
2015-03-31,"$236,250 "
2015-04-01,"$320,000 "
2015-04-02,"$277,500 "
2015-04-03,"$370,000 "
2015-04-04,"$271,250 "
2015-04-05,"$280,000 "
2015-04-06,"$270,000 "
2015-04-07,"$380,000 "
2015-04-08,"$380,000 "
2015-04-09,"$427,500 "
2015-04-10,"$320,000 "
2015-04-11,"$300,000 "
2015-04-12,"$292,500 "
2015-04-13,"$500,000 "
2015-04-14,"$380,000 "
2015-04-15,"$427,500 "
2015-04-16,"$440,000 "
2015-04-17,"$280,000 "
2015-04-18,"$315,000 "
2015-04-19,"$487,500 "
2015-04-20,"$370,000 "
2015-04-21,"$416,250 "
2015-04-22,"$440,000 "
2015-04-23,"$260,000 "
2015-04-24,"$292,500 "
2015-04-25,"$450,000 "
2015-04-26,"$382,500 "
2015-04-27,"$382,500 "
2015-04-28,"$450,000 "
2015-04-29,"$312,500 "
2015-04-30,"$281,250 "
2015-05-01,"$467,500 "
2015-05-02,"$360,000 "
2015-05-03,"$360,000 "
2015-05-04,"$375,000 "
2015-05-05,"$300,000 "
2015-05-06,"$258,750 "
2015-05-07,"$412,500 "
2015-05-08,"$405,000 "
2015-05-09,"$405,000 "
2015-05-10,"$412,500 "
2015-05-11,"$337,500 "
2015-05-12,"$292,500 "
2015-05-13,"$467,500 "
2015-05-14,"$427,500 "
2015-05-15,"$427,500 "
2015-05-16,"$425,000 "
2015-05-17,"$350,000 "
2015-05-18,"$292,500 "
2015-05-19,"$495,000 "
2015-05-20,"$310,000 "
2015-05-21,"$387,500 "
2015-05-22,"$387,500 "
2015-05-23,"$312,500 "
2015-05-24,"$316,250 "
2015-05-25,"$387,500 "
2015-05-26,"$330,000 "
2015-05-27,"$362,500 "
2015-05-28,"$362,500 "
2015-05-29,"$287,500 "
2015-05-30,"$275,000 "
2015-05-31,"$350,000 "
2015-06-01,"$425,000 "
2015-06-02,"$420,000 "
2015-06-03,"$420,000 "
2015-06-04,"$360,000 "
2015-06-05,"$325,000 "
2015-06-06,"$420,000 "
2015-06-07,"$525,000 "
2015-06-08,"$438,750 "
2015-06-09,"$471,250 "
2015-06-10,"$375,000 "
2015-06-11,"$341,250 "
2015-06-12,"$560,000 "
2015-06-13,"$540,000 "
2015-06-14,"$487,500 "
2015-06-15,"$487,500 "
2015-06-16,"$390,000 "
2015-06-17,"$357,500 "
2015-06-18,"$580,000 "
2015-06-19,"$585,000 "
2015-06-20,"$536,250 "
2015-06-21,"$536,250 "
2015-06-22,"$420,000 "
2015-06-23,"$373,750 "
2015-06-24,"$700,000 "
2015-06-25,"$615,000 "
2015-06-26,"$568,750 "
2015-06-27,"$536,250 "
2015-06-28,"$435,000 "
2015-06-29,"$503,750 "
2015-06-30,"$620,000 "
2015-07-01,"$633,750 "
2015-07-02,"$647,500 "
2015-07-03,"$520,000 "
2015-07-04,"$487,500 "
2015-07-05,"$562,500 "
2015-07-06,"$580,000 "
2015-07-07,"$508,750 "
2015-07-08,"$555,000 "
2015-07-09,"$426,250 "
2015-07-10,"$398,750 "
2015-07-11,"$471,250 "
2015-07-12,"$542,500 "
2015-07-13,"$481,250 "
2015-07-14,"$525,000 "
2015-07-15,"$385,000 "
2015-07-16,"$371,250 "
2015-07-17,"$422,500 "
2015-07-18,"$490,000 "
2015-07-19,"$481,250 "
2015-07-20,"$525,000 "
2015-07-21,"$398,750 "
2015-07-22,"$385,000 "
2015-07-23,"$422,500 "
2015-07-24,"$542,500 "
2015-07-25,"$536,250 "
2015-07-26,"$585,000 "
2015-07-27,"$426,250 "
2015-07-28,"$426,250 "
2015-07-29,"$455,000 "
2015-07-30,"$560,000 "
2015-07-31,"$245,000 "
2015-08-01,"$315,000 "
2015-08-02,"$315,000 "
2015-08-03,"$247,500 "
2015-08-04,"$250,000 "
2015-08-05,"$315,000 "
2015-08-06,"$262,500 "
2015-08-07,"$292,500 "
2015-08-08,"$303,750 "
2015-08-09,"$236,250 "
2015-08-10,"$225,000 "
2015-08-11,"$292,500 "
2015-08-12,"$280,000 "
2015-08-13,"$292,500 "
2015-08-14,"$292,500 "
2015-08-15,"$247,500 "
2015-08-16,"$212,500 "
2015-08-17,"$281,250 "
2015-08-18,"$360,000 "
2015-08-19,"$300,000 "
2015-08-20,"$312,500 "
2015-08-21,"$236,250 "
2015-08-22,"$212,500 "
2015-08-23,"$390,000 "
2015-08-24,"$360,000 "
2015-08-25,"$325,000 "
2015-08-26,"$325,000 "
2015-08-27,"$247,500 "
2015-08-28,"$225,000 "
2015-08-29,"$406,250 "
2015-08-30,"$405,000 "
2015-08-31,"$375,000 "
2015-09-01,"$375,000 "
2015-09-02,"$281,250 "
2015-09-03,"$250,000 "
2015-09-04,"$520,000 "
2015-09-05,"$427,500 "
2015-09-06,"$400,000 "
2015-09-07,"$375,000 "
2015-09-08,"$292,500 "
2015-09-09,"$350,000 "
2015-09-10,"$455,000 "
2015-09-11,"$450,000 "
2015-09-12,"$467,500 "
2015-09-13,"$362,500 "
2015-09-14,"$337,500 "
2015-09-15,"$405,000 "
2015-09-16,"$422,500 "
2015-09-17,"$425,000 "
2015-09-18,"$467,500 "
2015-09-19,"$350,000 "
2015-09-20,"$325,000 "
2015-09-21,"$390,000 "
2015-09-22,"$455,000 "
2015-09-23,"$400,000 "
2015-09-24,"$440,000 "
2015-09-25,"$325,000 "
2015-09-26,"$312,500 "
2015-09-27,"$360,000 "
2015-09-28,"$422,500 "
2015-09-29,"$412,500 "
2015-09-30,"$453,750 "
2015-10-01,"$337,500 "
2015-10-02,"$325,000 "
2015-10-03,"$360,000 "
2015-10-04,"$455,000 "
2015-10-05,"$450,000 "
2015-10-06,"$495,000 "
2015-10-07,"$350,000 "
2015-10-08,"$350,000 "
2015-10-09,"$375,000 "
2015-10-10,"$471,250 "
2015-10-11,"$213,750 "
2015-10-12,"$123,750 "
2015-10-13,"$96,250 "
2015-10-14,"$50,000 "
2015-10-15,"$96,250 "
2015-10-16,"$123,750 "
2015-10-17,"$236,250 "
2015-10-18,"$78,750 "
2015-10-19,"$78,750 "
2015-10-20,"$40,000 "
2015-10-21,"$96,250 "
2015-10-22,"$123,750 "
2015-10-23,"$247,500 "
2015-10-24,"$100,000 "
2015-10-25,"$90,000 "
2015-10-26,"$33,750 "
2015-10-27,"$75,000 "
2015-10-28,"$112,500 "
2015-10-29,"$225,000 "
2015-10-30,"$75,000 "
2015-10-31,"$60,000 "
2015-11-01,"$33,750 "
2015-11-02,"$60,000 "
2015-11-03,"$112,500 "
2015-11-04,"$297,000 "
2015-11-05,"$110,000 "
2015-11-06,"$87,500 "
2015-11-07,"$50,000 "
2015-11-08,"$75,000 "
2015-11-09,"$162,500 "
2015-11-10,"$250,000 "
2015-11-11,"$112,500 "
2015-11-12,"$80,000 "
2015-11-13,"$70,000 "
2015-11-14,"$87,500 "
2015-11-15,"$192,500 "
2015-11-16,"$287,500 "
2015-11-17,"$146,250 "
2015-11-18,"$100,000 "
2015-11-19,"$80,000 "
2015-11-20,"$112,500 "
2015-11-21,"$220,000 "
2015-11-22,"$275,000 "
2015-11-23,"$146,250 "
2015-11-24,"$100,000 "
2015-11-25,"$90,000 "
2015-11-26,"$100,000 "
2015-11-27,"$206,250 "
2015-11-28,"$250,000 "
2015-11-29,"$135,000 "
2015-11-30,"$80,000 "
2015-12-01,"$70,000 "
2015-12-02,"$87,500 "
2015-12-03,"$137,500 "
2015-12-04,"$255,000 "
2015-12-05,"$125,000 "
2015-12-06,"$75,000 "
2015-12-07,"$62,500 "
2015-12-08,"$75,000 "
2015-12-09,"$162,500 "
2015-12-10,"$240,000 "
2015-12-11,"$125,000 "
2015-12-12,"$97,500 "
2015-12-13,"$87,500 "
2015-12-14,"$90,000 "
2015-12-15,"$162,500 "
2015-12-16,"$300,000 "
2015-12-17,"$150,000 "
2015-12-18,"$125,000 "
2015-12-19,"$100,000 "
2015-12-20,"$120,000 "
2015-12-21,"$195,000 "
2015-12-22,"$145,000 "
2015-12-23,"$217,500 "
2015-12-24,"$157,500 "
2015-12-25,"$183,750 "
2015-12-26,"$150,000 "
2015-12-27,"$183,750 "
2015-12-28,"$168,750 "
2015-12-29,"$227,500 "
2015-12-30,"$166,250 "
2015-12-31,"$148,750 "
2016-01-01,"$120,000 "
2016-01-02,"$175,000 "
2016-01-03,"$202,500 "
2016-01-04,"$270,000 "
2016-01-05,"$150,000 "
2016-01-06,"$140,000 "
2016-01-07,"$120,000 "
2016-01-08,"$157,500 "
2016-01-09,"$140,000 "
2016-01-10,"$210,000 "
2016-01-11,"$131,250 "
2016-01-12,"$127,500 "
2016-01-13,"$113,750 "
2016-01-14,"$180,000 "
2016-01-15,"$150,000 "
2016-01-16,"$232,500 "
2016-01-17,"$156,250 "
2016-01-18,"$192,500 "
2016-01-19,"$225,000 "
2016-01-20,"$360,000 "
2016-01-21,"$360,000 "
2016-01-22,"$400,000 "
2016-01-23,"$292,500 "
2016-01-24,"$270,000 "
2016-01-25,"$250,000 "
2016-01-26,"$481,250 "
2016-01-27,"$371,250 "
2016-01-28,"$412,500 "
2016-01-29,"$438,750 "
2016-01-30,"$258,750 "
2016-01-31,"$287,500 "
2016-02-01,"$510,000 "
2016-02-02,"$400,000 "
2016-02-03,"$440,000 "
2016-02-04,"$487,500 "
2016-02-05,"$262,500 "
2016-02-06,"$288,750 "
2016-02-07,"$465,000 "
2016-02-08,"$398,750 "
2016-02-09,"$371,250 "
2016-02-10,"$435,000 "
2016-02-11,"$270,000 "
2016-02-12,"$247,500 "
2016-02-13,"$337,500 "
2016-02-14,"$250,000 "
2016-02-15,"$250,000 "
2016-02-16,"$258,750 "
2016-02-17,"$191,250 "
2016-02-18,"$160,000 "
2016-02-19,"$287,500 "
2016-02-20,"$290,000 "
2016-02-21,"$290,000 "
2016-02-22,"$422,500 "
2016-02-23,"$325,000 "
2016-02-24,"$285,000 "
2016-02-25,"$472,500 "
2016-02-26,"$495,000 "
2016-02-27,"$495,000 "
2016-02-28,"$471,250 "
2016-02-29,"$373,750 "
2016-03-01,"$315,000 "
2016-03-02,"$542,500 "
2016-03-03,"$191,250 "
2016-03-04,"$101,250 "
2016-03-05,"$78,750 "
2016-03-06,"$30,000 "
2016-03-07,"$68,750 "
2016-03-08,"$101,250 "
2016-03-09,"$213,750 "
2016-03-10,"$56,250 "
2016-03-11,"$61,250 "
2016-03-12,"$20,000 "
2016-03-13,"$68,750 "
2016-03-14,"$101,250 "
2016-03-15,"$222,500 "
2016-03-16,"$75,000 "
2016-03-17,"$70,000 "
2016-03-18,"$11,250 "
2016-03-19,"$45,000 "
2016-03-20,"$87,500 "
2016-03-21,"$225,000 "
2016-03-22,"$75,000 "
2016-03-23,"$60,000 "
2016-03-24,"$33,750 "
2016-03-25,"$45,000 "
2016-03-26,"$100,000 "
2016-03-27,"$282,000 "
2016-03-28,"$105,000 "
2016-03-29,"$82,500 "
2016-03-30,"$55,000 "
2016-03-31,"$81,250 "
2016-04-01,"$175,000 "
2016-04-02,"$325,000 "
2016-04-03,"$150,000 "
2016-04-04,"$96,250 "
2016-04-05,"$82,500 "
2016-04-06,"$97,500 "
2016-04-07,"$210,000 "
2016-04-08,"$325,000 "
2016-04-09,"$180,000 "
2016-04-10,"$123,750 "
2016-04-11,"$96,250 "
2016-04-12,"$130,000 "
2016-04-13,"$262,500 "
2016-04-14,"$341,250 "
2016-04-15,"$180,000 "
2016-04-16,"$123,750 "
2016-04-17,"$110,000 "
2016-04-18,"$113,750 "
2016-04-19,"$245,000 "
2016-04-20,"$308,750 "
2016-04-21,"$137,500 "
2016-04-22,"$90,000 "
2016-04-23,"$78,750 "
2016-04-24,"$68,750 "
2016-04-25,"$135,000 "
2016-04-26,"$240,000 "
2016-04-27,"$112,500 "
2016-04-28,"$62,500 "
2016-04-29,"$50,000 "
2016-04-30,"$60,000 "
2016-05-01,"$146,250 "
2016-05-02,"$262,500 "
2016-05-03,"$120,000 "
2016-05-04,"$117,000 "
2016-05-05,"$105,000 "
2016-05-06,"$105,000 "
2016-05-07,"$187,500 "
2016-05-08,"$332,500 "
2016-05-09,"$165,000 "
2016-05-10,"$135,000 "
2016-05-11,"$105,000 "
2016-05-12,"$122,500 "
2016-05-13,"$206,250 "
2016-05-14,"$157,500 "
2016-05-15,"$202,500 "
2016-05-16,"$202,500 "
2016-05-17,"$135,000 "
2016-05-18,"$125,000 "
2016-05-19,"$213,750 "
2016-05-20,"$183,750 "
2016-05-21,"$191,250 "
2016-05-22,"$191,250 "
2016-05-23,"$123,750 "
2016-05-24,"$100,000 "
2016-05-25,"$180,000 "
2016-05-26,"$247,500 "
2016-05-27,"$220,000 "
2016-05-28,"$220,000 "
2016-05-29,"$165,000 "
2016-05-30,"$105,000 "
2016-05-31,"$206,250 "
2016-06-01,"$330,000 "
2016-06-02,"$227,500 "
2016-06-03,"$260,000 "
2016-06-04,"$180,000 "
2016-06-05,"$130,000 "
2016-06-06,"$280,000 "
2016-06-07,"$330,000 "
2016-06-08,"$260,000 "
2016-06-09,"$260,000 "
2016-06-10,"$180,000 "
2016-06-11,"$130,000 "
2016-06-12,"$360,000 "
2016-06-13,"$420,000 "
2016-06-14,"$357,500 "
2016-06-15,"$357,500 "
2016-06-16,"$255,000 "
2016-06-17,"$195,000 "
2016-06-18,"$480,000 "
2016-06-19,"$450,000 "
2016-06-20,"$390,000 "
2016-06-21,"$357,500 "
2016-06-22,"$270,000 "
2016-06-23,"$325,000 "
2016-06-24,"$400,000 "
2016-06-25,"$455,000 "
2016-06-26,"$455,000 "
2016-06-27,"$341,250 "
2016-06-28,"$308,750 "
2016-06-29,"$356,250 "
2016-06-30,"$320,000 "
2016-07-01,"$360,000 "
2016-07-02,"$390,000 "
2016-07-03,"$270,000 "
2016-07-04,"$240,000 "
2016-07-05,"$280,000 "
2016-07-06,"$337,500 "
2016-07-07,"$330,000 "
2016-07-08,"$357,500 "
2016-07-09,"$225,000 "
2016-07-10,"$210,000 "
2016-07-11,"$227,500 "
2016-07-12,"$281,250 "
2016-07-13,"$345,000 "
2016-07-14,"$373,750 "
2016-07-15,"$255,000 "
2016-07-16,"$240,000 "
2016-07-17,"$245,000 "
2016-07-18,"$356,250 "
2016-07-19,"$405,000 "
2016-07-20,"$438,750 "
2016-07-21,"$285,000 "
2016-07-22,"$285,000 "
2016-07-23,"$280,000 "
2016-07-24,"$375,000 "
2016-07-25,"$127,500 "
2016-07-26,"$170,000 "
2016-07-27,"$170,000 "
2016-07-28,"$110,000 "
2016-07-29,"$101,250 "
2016-07-30,"$190,000 "
2016-07-31,"$157,500 "
2016-08-01,"$170,000 "
2016-08-02,"$170,000 "
2016-08-03,"$110,000 "
2016-08-04,"$90,000 "
2016-08-05,"$160,000 "
2016-08-06,"$220,000 "
2016-08-07,"$200,000 "
2016-08-08,"$220,000 "
2016-08-09,"$165,000 "
2016-08-10,"$90,000 "
2016-08-11,"$192,500 "
2016-08-12,"$315,000 "
2016-08-13,"$211,250 "
2016-08-14,"$243,750 "
2016-08-15,"$165,000 "
2016-08-16,"$113,750 "
2016-08-17,"$260,000 "
2016-08-18,"$315,000 "
2016-08-19,"$243,750 "
2016-08-20,"$243,750 "
2016-08-21,"$165,000 "
2016-08-22,"$113,750 "
2016-08-23,"$380,000 "
2016-08-24,"$435,000 "
2016-08-25,"$373,750 "
2016-08-26,"$373,750 "
2016-08-27,"$292,500 "
2016-08-28,"$227,500 "
2016-08-29,"$531,250 "
2016-08-30,"$503,750 "
2016-08-31,"$437,500 "
2016-09-01,"$402,500 "
2016-09-02,"$308,750 "
2016-09-03,"$367,500 "
2016-09-04,"$446,250 "
2016-09-05,"$507,500 "
2016-09-06,"$506,250 "
2016-09-07,"$385,000 "
2016-09-08,"$350,000 "
2016-09-09,"$375,000 "
2016-09-10,"$320,000 "
2016-09-11,"$390,000 "
2016-09-12,"$420,000 "
2016-09-13,"$292,500 "
2016-09-14,"$260,000 "
2016-09-15,"$300,000 "
2016-09-16,"$297,500 "
2016-09-17,"$288,750 "
2016-09-18,"$315,000 "
2016-09-19,"$192,500 "
2016-09-20,"$178,750 "
2016-09-21,"$195,000 "
2016-09-22,"$245,000 "
2016-09-23,"$316,250 "
2016-09-24,"$345,000 "
2016-09-25,"$233,750 "
2016-09-26,"$260,000 "
2016-09-27,"$281,250 "
2016-09-28,"$400,000 "
2016-09-29,"$455,000 "
2016-09-30,"$490,000 "
2016-10-01,"$325,000 "
2016-10-02,"$325,000 "
2016-10-03,"$318,750 "
2016-10-04,"$420,000 "
2016-10-05,"$180,000 "
2016-10-06,"$225,000 "
2016-10-07,"$225,000 "
2016-10-08,"$150,000 "
2016-10-09,"$137,500 "
2016-10-10,"$250,000 "
2016-10-11,"$220,000 "
2016-10-12,"$225,000 "
2016-10-13,"$225,000 "
2016-10-14,"$150,000 "
2016-10-15,"$123,750 "
2016-10-16,"$212,500 "
2016-10-17,"$287,500 "
2016-10-18,"$255,000 "
2016-10-19,"$276,250 "
2016-10-20,"$211,250 "
2016-10-21,"$122,500 "
2016-10-22,"$243,750 "
2016-10-23,"$385,000 "
2016-10-24,"$262,500 "
2016-10-25,"$300,000 "
2016-10-26,"$180,000 "
2016-10-27,"$130,000 "
2016-10-28,"$280,000 "
2016-10-29,"$330,000 "
2016-10-30,"$260,000 "
2016-10-31,"$260,000 "
2016-11-01,"$180,000 "
2016-11-02,"$130,000 "
2016-11-03,"$400,000 "
2016-11-04,"$562,500 "
2016-11-05,"$500,000 "
2016-11-06,"$500,000 "
2016-11-07,"$400,000 "
2016-11-08,"$318,750 "
2016-11-09,"$675,000 "
2016-11-10,"$660,000 "
2016-11-11,"$573,750 "
2016-11-12,"$531,250 "
2016-11-13,"$420,000 "
2016-11-14,"$488,750 "
2016-11-15,"$575,000 "
2016-11-16,"$658,750 "
2016-11-17,"$600,000 "
2016-11-18,"$468,750 "
2016-11-19,"$431,250 "
2016-11-20,"$431,250 "
2016-11-21,"$320,000 "
2016-11-22,"$420,000 "
2016-11-23,"$450,000 "
2016-11-24,"$315,000 "
2016-11-25,"$280,000 "
2016-11-26,"$340,000 "
2016-11-27,"$292,500 "
2016-11-28,"$330,000 "
2016-11-29,"$357,500 "
2016-11-30,"$225,000 "
2016-12-01,"$210,000 "
2016-12-02,"$227,500 "
2016-12-03,"$281,250 "
2016-12-04,"$360,000 "
2016-12-05,"$406,250 "
2016-12-06,"$285,000 "
2016-12-07,"$315,000 "
2016-12-08,"$382,500 "
2016-12-09,"$522,500 "
2016-12-10,"$600,000 "
2016-12-11,"$637,500 "
2016-12-12,"$440,000 "
2016-12-13,"$440,000 "
2016-12-14,"$427,500 "
2016-12-15,"$546,250 "
2016-12-16,"$472,500 "
2016-12-17,"$382,500 "
2016-12-18,"$297,500 "
2016-12-19,"$280,000 "
2016-12-20,"$412,500 "
2016-12-21,"$382,500 "
2016-12-22,"$495,000 "
2016-12-23,"$337,500 "
2016-12-24,"$280,000 "
2016-12-25,"$270,000 "
2016-12-26,"$412,500 "
2016-12-27,"$382,500 "
2016-12-28,"$481,500 "
2016-12-29,"$337,500 "
2016-12-30,"$271,250 "
2016-12-31,"$250,000 "
2017-01-01,"$371,250 "
2017-01-02,"$348,750 "
2017-01-03,"$461,250 "
2017-01-04,"$326,250 "
2017-01-05,"$253,750 "
2017-01-06,"$260,000 "
2017-01-07,"$371,250 "
2017-01-08,"$360,000 "
2017-01-09,"$588,500 "
2017-01-10,"$426,250 "
2017-01-11,"$375,000 "
2017-01-12,"$350,000 "
2017-01-13,"$435,000 "
2017-01-14,"$536,250 "
2017-01-15,"$645,000 "
2017-01-16,"$453,750 "
2017-01-17,"$400,000 "
2017-01-18,"$387,500 "
2017-01-19,"$503,750 "
2017-01-20,"$647,500 "
2017-01-21,"$747,500 "
2017-01-22,"$540,000 "
2017-01-23,"$453,750 "
2017-01-24,"$426,250 "
2017-01-25,"$520,000 "
2017-01-26,"$682,500 "
2017-01-27,"$731,250 "
2017-01-28,"$540,000 "
2017-01-29,"$453,750 "
2017-01-30,"$348,750 "
2017-01-31,"$412,500 "
2017-02-01,"$555,000 "
2017-02-02,"$577,500 "
2017-02-03,"$425,000 "
2017-02-04,"$337,500 "
2017-02-05,"$326,250 "
2017-02-06,"$398,750 "
2017-02-07,"$495,000 "
2017-02-08,"$600,000 "
2017-02-09,"$412,500 "
2017-02-10,"$362,500 "
2017-02-11,"$350,000 "
2017-02-12,"$420,000 "
2017-02-13,"$536,250 "
2017-02-14,"$585,000 "
2017-02-15,"$400,000 "
2017-02-16,"$372,500 "
2017-02-17,"$387,500 "
2017-02-18,"$487,500 "
2017-02-19,"$595,000 "
2017-02-20,"$698,750 "
2017-02-21,"$481,250 "
2017-02-22,"$453,750 "
2017-02-23,"$426,250 "
2017-02-24,"$503,750 "
2017-02-25,"$612,500 "
2017-02-26,"$157,500 "
2017-02-27,"$87,500 "
2017-02-28,"$62,500 "
2017-03-01,"$30,000 "
2017-03-02,"$67,500 "
2017-03-03,"$87,500 "
2017-03-04,"$175,000 "
2017-03-05,"$52,500 "
2017-03-06,"$50,000 "
2017-03-07,"$22,500 "
2017-03-08,"$67,500 "
2017-03-09,"$78,750 "
2017-03-10,"$178,000 "
2017-03-11,"$50,000 "
2017-03-12,"$52,500 "
2017-03-13,"$8,750 "
2017-03-14,"$37,500 "
2017-03-15,"$70,000 "
2017-03-16,"$160,000 "
2017-03-17,"$40,000 "
2017-03-18,"$30,000 "
2017-03-19,"$8,750 "
2017-03-20,"$25,000 "
2017-03-21,"$70,000 "
2017-03-22,"$222,500 "
2017-03-23,"$67,500 "
2017-03-24,"$50,000 "
2017-03-25,"$20,000 "
2017-03-26,"$41,250 "
2017-03-27,"$105,000 "
2017-03-28,"$191,250 "
2017-03-29,"$70,000 "
2017-03-30,"$61,250 "
2017-03-31,"$52,500 "
2017-04-01,"$75,000 "
2017-04-02,"$178,750 "
2017-04-03,"$275,000 "
2017-04-04,"$135,000 "
2017-04-05,"$90,000 "
2017-04-06,"$70,000 "
2017-04-07,"$100,000 "
2017-04-08,"$206,250 "
2017-04-09,"$262,500 "
2017-04-10,"$135,000 "
2017-04-11,"$90,000 "
2017-04-12,"$61,250 "
2017-04-13,"$67,500 "
2017-04-14,"$162,500 "
2017-04-15,"$202,500 "
2017-04-16,"$100,000 "
2017-04-17,"$37,500 "
2017-04-18,"$31,250 "
2017-04-19,"$43,750 "
2017-04-20,"$80,000 "
2017-04-21,"$168,750 "
2017-04-22,"$70,000 "
2017-04-23,"$35,000 "
2017-04-24,"$26,250 "
2017-04-25,"$33,750 "
2017-04-26,"$100,000 "
2017-04-27,"$175,000 "
2017-04-28,"$80,000 "
2017-04-29,"$58,000 "
2017-04-30,"$60,000 "
2017-05-01,"$68,750 "
2017-05-02,"$135,000 "
2017-05-03,"$261,250 "
2017-05-04,"$123,750 "
2017-05-05,"$101,250 "
2017-05-06,"$78,750 "
2017-05-07,"$96,250 "
2017-05-08,"$165,000 "
2017-05-09,"$166,250 "
2017-05-10,"$213,750 "
2017-05-11,"$213,750 "
2017-05-12,"$146,250 "
2017-05-13,"$137,500 "
2017-05-14,"$213,750 "
2017-05-15,"$183,750 "
2017-05-16,"$191,250 "
2017-05-17,"$202,500 "
2017-05-18,"$135,000 "
2017-05-19,"$112,500 "
2017-05-20,"$191,250 "
2017-05-21,"$201,250 "
2017-05-22,"$191,250 "
2017-05-23,"$191,250 "
2017-05-24,"$146,250 "
2017-05-25,"$100,000 "
2017-05-26,"$180,000 "
2017-05-27,"$258,750 "
2017-05-28,"$168,750 "
2017-05-29,"$180,000 "
2017-05-30,"$120,000 "
2017-05-31,"$90,000 "
2017-06-01,"$225,000 "
2017-06-02,"$230,000 "
2017-06-03,"$191,250 "
2017-06-04,"$191,250 "
2017-06-05,"$130,000 "
2017-06-06,"$101,250 "
2017-06-07,"$240,000 "
2017-06-08,"$270,000 "
2017-06-09,"$236,250 "
2017-06-10,"$247,500 "
2017-06-11,"$170,000 "
2017-06-12,"$135,000 "
2017-06-13,"$360,000 "
2017-06-14,"$300,000 "
2017-06-15,"$270,000 "
2017-06-16,"$247,500 "
2017-06-17,"$180,000 "
2017-06-18,"$213,750 "
2017-06-19,"$285,000 "
2017-06-20,"$303,750 "
2017-06-21,"$343,750 "
2017-06-22,"$250,000 "
2017-06-23,"$191,250 "
2017-06-24,"$233,750 "
2017-06-25,"$240,000 "
2017-06-26,"$270,000 "
2017-06-27,"$300,000 "
2017-06-28,"$202,500 "
2017-06-29,"$180,000 "
2017-06-30,"$220,000 "
2017-07-01,"$270,000 "
2017-07-02,"$247,500 "
2017-07-03,"$275,000 "
2017-07-04,"$180,000 "
2017-07-05,"$168,750 "
2017-07-06,"$192,500 "
2017-07-07,"$240,000 "
2017-07-08,"$230,000 "
2017-07-09,"$258,750 "
2017-07-10,"$170,000 "
2017-07-11,"$170,000 "
2017-07-12,"$206,250 "
2017-07-13,"$285,000 "
2017-07-14,"$303,750 "
2017-07-15,"$337,500 "
2017-07-16,"$213,750 "
2017-07-17,"$213,750 "
2017-07-18,"$220,000 "
2017-07-19,"$300,000 "
2017-07-20,"$140,000 "
2017-07-21,"$210,000 "
2017-07-22,"$150,000 "
2017-07-23,"$175,000 "
2017-07-24,"$140,000 "
2017-07-25,"$175,000 "
2017-07-26,"$162,500 "
2017-07-27,"$218,750 "
2017-07-28,"$157,500 "
2017-07-29,"$140,000 "
2017-07-30,"$110,000 "
2017-07-31,"$166,250 "
2017-08-01,"$195,000 "
2017-08-02,"$260,000 "
2017-08-03,"$142,500 "
2017-08-04,"$131,250 "
2017-08-05,"$110,000 "
2017-08-06,"$148,750 "
2017-08-07,"$135,000 "
2017-08-08,"$168,750 "
2017-08-09,"$100,000 "
2017-08-10,"$100,000 "
2017-08-11,"$90,000 "
2017-08-12,"$143,750 "
2017-08-13,"$108,750 "
2017-08-14,"$187,500 "
2017-08-15,"$120,000 "
2017-08-16,"$157,500 "
2017-08-17,"$191,250 "
2017-08-18,"$310,000 "
2017-08-19,"$310,000 "
2017-08-20,"$348,750 "
2017-08-21,"$260,000 "
2017-08-22,"$240,000 "
2017-08-23,"$225,000 "
2017-08-24,"$437,500 "
2017-08-25,"$330,000 "
2017-08-26,"$371,250 "
2017-08-27,"$390,000 "
2017-08-28,"$230,000 "
2017-08-29,"$247,500 "
2017-08-30,"$453,750 "
2017-08-31,"$348,750 "
2017-09-01,"$426,250 "
2017-09-02,"$475,000 "
2017-09-03,"$213,750 "
2017-09-04,"$237,500 "
2017-09-05,"$398,750 "
2017-09-06,"$337,500 "
2017-09-07,"$312,500 "
2017-09-08,"$371,250 "
2017-09-09,"$220,000 "
2017-09-10,"$200,000 "
2017-09-11,"$281,250 "
2017-09-12,"$201,250 "
2017-09-13,"$201,250 "
2017-09-14,"$210,000 "
2017-09-15,"$150,000 "
2017-09-16,"$122,500 "
2017-09-17,"$236,250 "
2017-09-18,"$202,500 "
2017-09-19,"$202,500 "
2017-09-20,"$330,000 "
2017-09-21,"$261,250 "
2017-09-22,"$247,500 "
2017-09-23,"$422,500 "
2017-09-24,"$440,000 "
2017-09-25,"$440,000 "
2017-09-26,"$420,000 "
2017-09-27,"$330,000 "
2017-09-28,"$275,000 "
2017-09-29,"$487,500 "
2017-09-30,"$148,750 "
2017-10-01,"$78,750 "
2017-10-02,"$56,250 "
2017-10-03,"$22,500 "
2017-10-04,"$56,250 "
2017-10-05,"$78,750 "
2017-10-06,"$166,250 "
2017-10-07,"$43,750 "
2017-10-08,"$43,750 "
2017-10-09,"$15,000 "
2017-10-10,"$56,250 "
2017-10-11,"$70,000 "
2017-10-12,"$168,000 "
2017-10-13,"$40,000 "
2017-10-14,"$45,000 "
2017-10-15,$0 
2017-10-16,"$25,000 "
2017-10-17,"$60,000 "
2017-10-18,"$150,000 "
2017-10-19,"$26,250 "
2017-10-20,"$18,750 "
2017-10-21,$0 
2017-10-22,"$11,250 "
2017-10-23,"$52,500 "
2017-10-24,"$189,000 "
2017-10-25,"$50,000 "
2017-10-26,"$35,000 "
2017-10-27,"$8,750 "
2017-10-28,"$25,000 "
2017-10-29,"$82,500 "
2017-10-30,"$160,000 "
2017-10-31,"$52,500 "
2017-11-01,"$52,500 "
2017-11-02,"$45,000 "
2017-11-03,"$67,500 "
2017-11-04,"$162,500 "
2017-11-05,"$247,500 "
2017-11-06,"$120,000 "
2017-11-07,"$78,750 "
2017-11-08,"$61,250 "
2017-11-09,"$78,750 "
2017-11-10,"$175,000 "
2017-11-11,"$225,000 "
2017-11-12,"$123,750 "
2017-11-13,"$80,000 "
2017-11-14,"$37,500 "
2017-11-15,"$40,000 "
2017-11-16,"$123,750 "
2017-11-17,"$160,000 "
2017-11-18,"$70,000 "
2017-11-19,"$20,000 "
2017-11-20,"$15,000 "
2017-11-21,"$22,500 "
2017-11-22,"$52,500 "
2017-11-23,"$130,000 "
2017-11-24,"$45,000 "
2017-11-25,"$15,000 "
2017-11-26,"$7,500 "
2017-11-27,"$10,000 "
2017-11-28,"$67,500 "
2017-11-29,"$120,000 "
2017-11-30,"$45,000 "
2017-12-01,"$28,500 "
2017-12-02,"$37,500 "
2017-12-03,"$50,000 "
2017-12-04,"$110,000 "
2017-12-05,"$225,000 "
2017-12-06,"$100,000 "
2017-12-07,"$80,000 "
2017-12-08,"$60,000 "
2017-12-09,"$75,000 "
2017-12-10,"$137,500 "
2017-12-11,"$135,000 "
2017-12-12,"$202,500 "
2017-12-13,"$142,500 "
2017-12-14,"$166,250 "
2017-12-15,"$130,000 "
2017-12-16,"$166,250 "
2017-12-17,"$156,250 "
2017-12-18,"$210,000 "
2017-12-19,"$148,750 "
2017-12-20,"$131,250 "
2017-12-21,"$100,000 "
2017-12-22,"$157,500 "
2017-12-23,"$187,500 "
2017-12-24,"$250,000 "
2017-12-25,"$135,000 "
2017-12-26,"$122,500 "
2017-12-27,"$100,000 "
2017-12-28,"$140,000 "
2017-12-29,"$130,000 "
2017-12-30,"$130,000 "
2017-12-31,"$71,250 "
2018-01-01,"$75,000 "
2018-01-02,"$68,750 "
2018-01-03,"$110,000 "
2018-01-04,"$70,000 "
2018-01-05,"$145,000 "
2018-01-06,"$86,250 "
2018-01-07,"$175,000 "
2018-01-08,"$200,000 "
2018-01-09,"$337,500 "
2018-01-10,"$337,500 "
2018-01-11,"$375,000 "
2018-01-12,"$292,500 "
2018-01-13,"$270,000 "
2018-01-14,"$250,000 "
2018-01-15,"$481,250 "
2018-01-16,"$371,250 "
2018-01-17,"$412,500 "
2018-01-18,"$438,750 "
2018-01-19,"$258,750 "
2018-01-20,"$262,500 "
2018-01-21,"$480,000 "
2018-01-22,"$300,000 "
2018-01-23,"$412,500 "
2018-01-24,"$508,750 "
2018-01-25,"$212,500 "
2018-01-26,"$233,750 "
2018-01-27,"$405,000 "
2018-01-28,"$343,750 "
2018-01-29,"$316,250 "
2018-01-30,"$375,000 "
2018-01-31,"$210,000 "
2018-02-01,"$157,500 "
2018-02-02,"$230,000 "
2018-02-03,"$157,500 "
2018-02-04,"$157,500 "
2018-02-05,"$166,250 "
2018-02-06,"$113,750 "
2018-02-07,"$90,000 "
2018-02-08,"$190,000 "
2018-02-09,"$125,000 "
2018-02-10,"$125,000 "
2018-02-11,"$258,750 "
2018-02-12,"$202,500 "
2018-02-13,"$212,500 "
2018-02-14,"$375,000 "
2018-02-15,"$465,000 "
2018-02-16,"$465,000 "
2018-02-17,"$455,000 "
2018-02-18,"$357,500 "
2018-02-19,"$300,000 "
2018-02-20,"$525,000 "
2018-02-21,"$180,000 "
2018-02-22,"$100,000 "
2018-02-23,"$75,000 "
2018-02-24,"$35,000 "
2018-02-25,"$75,000 "
2018-02-26,"$100,000 "
2018-02-27,"$200,000 "
2018-02-28,"$60,000 "
2018-03-01,"$60,000 "
2018-03-02,"$26,250 "
2018-03-03,"$75,000 "
2018-03-04,"$100,000 "
2018-03-05,"$188,000 "
2018-03-06,"$70,000 "
2018-03-07,"$60,000 "
2018-03-08,"$17,500 "
2018-03-09,"$50,000 "
2018-03-10,"$80,000 "
2018-03-11,"$180,000 "
2018-03-12,"$60,000 "
2018-03-13,"$45,000 "
2018-03-14,"$26,250 "
2018-03-15,"$37,500 "
2018-03-16,"$90,000 "
2018-03-17,"$272,250 "
2018-03-18,"$100,000 "
2018-03-19,"$78,750 "
2018-03-20,"$56,250 "
2018-03-21,"$82,500 "
2018-03-22,"$165,000 "
2018-03-23,"$288,750 "
2018-03-24,"$137,500 "
2018-03-25,"$90,000 "
2018-03-26,"$78,750 "
2018-03-27,"$96,250 "
2018-03-28,"$195,000 "
2018-03-29,"$302,500 "
2018-03-30,"$150,000 "
2018-03-31,"$101,250 "
2018-04-01,"$78,750 "
2018-04-02,"$110,000 "
2018-04-03,"$225,000 "
2018-04-04,"$288,750 "
2018-04-05,"$150,000 "
2018-04-06,"$101,250 "
2018-04-07,"$78,750 "
2018-04-08,"$82,500 "
2018-04-09,"$195,000 "
2018-04-10,"$247,500 "
2018-04-11,"$125,000 "
2018-04-12,"$67,500 "
2018-04-13,"$56,250 "
2018-04-14,"$68,750 "
2018-04-15,"$135,000 "
2018-04-16,"$240,000 "
2018-04-17,"$123,750 "
2018-04-18,"$68,750 "
2018-04-19,"$55,000 "
2018-04-20,"$65,000 "
2018-04-21,"$157,500 "
2018-04-22,"$243,750 "
2018-04-23,"$110,000 "
2018-04-24,"$107,250 "
2018-04-25,"$96,250 "
2018-04-26,"$97,500 "
2018-04-27,"$175,000 "
2018-04-28,"$308,750 "
2018-04-29,"$151,250 "
2018-04-30,"$137,500 "
2018-05-01,"$110,000 "
2018-05-02,"$130,000 "
2018-05-03,"$210,000 "
2018-05-04,"$131,250 "
2018-05-05,"$168,750 "
2018-05-06,"$168,750 "
2018-05-07,"$101,250 "
2018-05-08,"$165,000 "
2018-05-09,"$316,250 "
2018-05-10,"$123,750 "
2018-05-11,"$123,750 "
2018-05-12,"$87,500 "
2018-05-13,"$162,500 "
2018-05-14,"$192,500 "
2018-05-15,"$299,750 "
2018-05-16,"$137,500 "
2018-05-17,"$123,750 "
2018-05-18,"$62,500 "
2018-05-19,"$113,750 "
2018-05-20,"$151,250 "
2018-05-21,"$288,750 "
2018-05-22,"$123,750 "
2018-05-23,"$101,250 "
2018-05-24,"$75,000 "
2018-05-25,"$90,000 "
2018-05-26,"$150,000 "
2018-05-27,"$370,500 "
2018-05-28,"$165,000 "
2018-05-29,"$165,000 "
2018-05-30,"$137,500 "
2018-05-31,"$178,750 "
2018-06-01,"$280,000 "
2018-06-02,"$422,500 "
2018-06-03,"$240,000 "
2018-06-04,"$178,750 "
2018-06-05,"$165,000 "
2018-06-06,"$195,000 "
2018-06-07,"$315,000 "
2018-06-08,"$438,750 "
2018-06-09,"$255,000 "
2018-06-10,"$192,500 "
2018-06-11,"$165,000 "
2018-06-12,"$211,250 "
2018-06-13,"$350,000 "
2018-06-14,"$422,500 "
2018-06-15,"$255,000 "
2018-06-16,"$192,500 "
2018-06-17,"$137,500 "
2018-06-18,"$146,250 "
2018-06-19,"$280,000 "
2018-06-20,"$341,250 "
2018-06-21,"$195,000 "
2018-06-22,"$123,750 "
2018-06-23,"$110,000 "
2018-06-24,"$130,000 "
2018-06-25,"$210,000 "
2018-06-26,"$315,000 "
2018-06-27,"$178,750 "
2018-06-28,"$113,750 "
2018-06-29,"$97,500 "
2018-06-30,"$112,500 "
2018-07-01,"$220,000 "
2018-07-02,"$318,750 "
2018-07-03,"$195,000 "
2018-07-04,"$208,000 "
2018-07-05,"$195,000 "
2018-07-06,"$206,250 "
2018-07-07,"$300,000 "
2018-07-08,"$450,000 "
2018-07-09,"$260,000 "
2018-07-10,"$131,250 "
2018-07-11,"$168,750 "
2018-07-12,"$168,750 "
2018-07-13,"$101,250 "
2018-07-14,"$87,500 "
2018-07-15,"$191,250 "
2018-07-16,"$166,250 "
2018-07-17,"$168,750 "
2018-07-18,"$168,750 "
2018-07-19,"$101,250 "
2018-07-20,"$75,000 "
2018-07-21,"$157,500 "
2018-07-22,"$225,000 "
2018-07-23,"$192,500 "
2018-07-24,"$225,000 "
2018-07-25,"$151,250 "
2018-07-26,"$75,000 "
2018-07-27,"$178,750 "
2018-07-28,"$300,000 "
2018-07-29,"$195,000 "
2018-07-30,"$227,500 "
2018-07-31,"$125,000 "
2018-08-01,"$82,500 "
2018-08-02,"$227,500 "
2018-08-03,"$288,750 "
2018-08-04,"$225,000 "
2018-08-05,"$225,000 "
2018-08-06,"$151,250 "
2018-08-07,"$105,000 "
2018-08-08,"$356,250 "
2018-08-09,"$507,500 "
2018-08-10,"$450,000 "
2018-08-11,"$450,000 "
2018-08-12,"$356,250 "
2018-08-13,"$297,500 "
2018-08-14,"$650,000 "
2018-08-15,"$640,000 "
2018-08-16,"$552,500 "
2018-08-17,"$510,000 "
2018-08-18,"$400,000 "
2018-08-19,"$467,500 "
2018-08-20,"$550,000 "
2018-08-21,"$637,500 "
2018-08-22,"$543,750 "
2018-08-23,"$420,000 "
2018-08-24,"$367,500 "
2018-08-25,"$367,500 "
2018-08-26,"$262,500 "
2018-08-27,"$357,500 "
2018-08-28,"$385,000 "
2018-08-29,"$243,750 "
2018-08-30,"$211,250 "
2018-08-31,"$262,500 "
2018-09-01,"$225,000 "
2018-09-02,"$261,250 "
2018-09-03,"$308,750 "
2018-09-04,"$180,000 "
2018-09-05,"$151,250 "
2018-09-06,"$162,500 "
2018-09-07,"$210,000 "
2018-09-08,"$288,750 "
2018-09-09,"$360,000 "
2018-09-10,"$233,750 "
2018-09-11,"$260,000 "
2018-09-12,"$318,750 "
2018-09-13,"$450,000 "
2018-09-14,"$525,000 "
2018-09-15,"$595,000 "
2018-09-16,"$400,000 "
2018-09-17,"$400,000 "
2018-09-18,"$382,500 "
2018-09-19,"$498,750 "
2018-09-20,"$170,000 "
2018-09-21,"$212,500 "
2018-09-22,"$212,500 "
2018-09-23,"$137,500 "
2018-09-24,"$123,750 "
2018-09-25,"$237,500 "
2018-09-26,"$210,000 "
2018-09-27,"$212,500 "
2018-09-28,"$212,500 "
2018-09-29,"$137,500 "
2018-09-30,"$110,000 "
2018-10-01,"$200,000 "
2018-10-02,"$275,000 "
2018-10-03,"$240,000 "
2018-10-04,"$276,250 "
2018-10-05,"$195,000 "
2018-10-06,"$113,750 "
2018-10-07,"$225,000 "
2018-10-08,"$357,500 "
2018-10-09,"$245,000 "
2018-10-10,"$280,000 "
2018-10-11,"$165,000 "
2018-10-12,"$120,000 "
2018-10-13,"$281,250 "
2018-10-14,"$345,000 "
2018-10-15,"$276,250 "
2018-10-16,"$276,250 "
2018-10-17,"$195,000 "
2018-10-18,"$123,750 "
2018-10-19,"$402,500 "
2018-10-20,"$536,250 "
2018-10-21,"$490,000 "
2018-10-22,"$595,000 "
2018-10-23,"$488,750 "
2018-10-24,"$427,500 "
2018-10-25,"$825,000 "
2018-10-26,"$810,000 "
2018-10-27,"$712,500 "
2018-10-28,"$665,000 "
2018-10-29,"$540,000 "
2018-10-30,"$617,500 "
2018-10-31,"$715,000 "
2018-11-01,"$807,500 "
2018-11-02,"$701,250 "
2018-11-03,"$560,000 "
2018-11-04,"$380,000 "
2018-11-05,"$380,000 "
2018-11-06,"$255,000 "
2018-11-07,"$300,000 "
2018-11-08,"$325,000 "
2018-11-09,"$180,000 "
2018-11-10,"$150,000 "
2018-11-11,"$192,500 "
2018-11-12,"$165,000 "
2018-11-13,"$200,000 "
2018-11-14,"$373,750 "
2018-11-15,"$240,000 "
2018-11-16,"$206,250 "
2018-11-17,"$227,500 "
2018-11-18,"$280,000 "
2018-11-19,"$343,750 "
2018-11-20,"$420,000 "
2018-11-21,"$288,750 "
2018-11-22,"$325,000 "
2018-11-23,"$403,750 "
2018-11-24,"$540,000 "
2018-11-25,"$600,000 "
2018-11-26,"$680,000 "
2018-11-27,"$480,000 "
2018-11-28,"$480,000 "
2018-11-29,"$472,500 "
2018-11-30,"$593,750 "
2018-12-01,"$382,500 "
2018-12-02,"$292,500 "
2018-12-03,"$227,500 "
2018-12-04,"$200,000 "
2018-12-05,"$302,500 "
2018-12-06,"$292,500 "
2018-12-07,"$405,000 "
2018-12-08,"$247,500 "
2018-12-09,"$210,000 "
2018-12-10,"$190,000 "
2018-12-11,"$302,500 "
2018-12-12,"$292,500 "
2018-12-13,"$391,500 "
2018-12-14,"$247,500 "
2018-12-15,"$201,250 "
2018-12-16,"$170,000 "
2018-12-17,"$261,250 "
2018-12-18,"$258,750 "
2018-12-19,"$371,250 "
2018-12-20,"$236,250 "
2018-12-21,"$183,750 "
2018-12-22,"$180,000 "
2018-12-23,"$261,250 "
2018-12-24,"$270,000 "
2018-12-25,"$478,500 "
2018-12-26,"$316,250 "
2018-12-27,"$275,000 "
2018-12-28,"$250,000 "
2018-12-29,"$315,000 "
2018-12-30,"$406,250 "
2018-12-31,"$525,000 "
2019-01-01,"$343,750 "
2019-01-02,"$300,000 "
2019-01-03,"$287,500 "
2019-01-04,"$373,750 "
2019-01-05,"$507,500 "
2019-01-06,"$617,500 "
2019-01-07,"$420,000 "
2019-01-08,"$343,750 "
2019-01-09,"$316,250 "
2019-01-10,"$390,000 "
2019-01-11,"$542,500 "
2019-01-12,"$601,250 "
2019-01-13,"$420,000 "
2019-01-14,"$343,750 "
2019-01-15,"$258,750 "
2019-01-16,"$302,500 "
2019-01-17,"$435,000 "
2019-01-18,"$467,500 "
2019-01-19,"$325,000 "
2019-01-20,"$247,500 "
2019-01-21,"$236,250 "
2019-01-22,"$288,750 "
2019-01-23,"$375,000 "
2019-01-24,"$480,000 "
2019-01-25,"$312,500 "
2019-01-26,"$262,500 "
2019-01-27,"$250,000 "
2019-01-28,"$300,000 "
2019-01-29,"$406,250 "
2019-01-30,"$465,000 "
2019-01-31,"$300,000 "
2019-02-01,"$272,500 "
2019-02-02,"$287,500 "
2019-02-03,"$357,500 "
2019-02-04,"$455,000 "
2019-02-05,"$568,750 "
2019-02-06,"$371,250 "
2019-02-07,"$343,750 "
2019-02-08,"$316,250 "
2019-02-09,"$373,750 "
2019-02-10,"$472,500 "
2019-02-11,"$320,000 "
2019-02-12,"$240,000 "
2019-02-13,"$180,000 "
2019-02-14,"$157,500 "
2019-02-15,"$250,000 "
2019-02-16,"$240,000 "
2019-02-17,"$340,000 "
2019-02-18,"$200,000 "
2019-02-19,"$165,000 "
2019-02-20,"$148,750 "
2019-02-21,"$250,000 "
2019-02-22,"$240,000 "
2019-02-23,"$328,000 "
2019-02-24,"$210,000 "
2019-02-25,"$165,000 "
2019-02-26,"$140,000 "
2019-02-27,"$225,000 "
2019-02-28,"$220,000 "
2019-03-01,"$320,000 "
2019-03-02,"$200,000 "
2019-03-03,"$150,000 "
2019-03-04,"$148,750 "
2019-03-05,"$212,500 "
2019-03-06,"$220,000 "
2019-03-07,"$410,000 "
2019-03-08,"$236,250 "
2019-03-09,"$200,000 "
2019-03-10,"$180,000 "
2019-03-11,"$237,500 "
2019-03-12,"$330,000 "
2019-03-13,"$425,000 "
2019-03-14,"$270,000 "
2019-03-15,"$210,000 "
2019-03-16,"$200,000 "
2019-03-17,"$250,000 "
2019-03-18,"$357,500 "
2019-03-19,"$437,500 "
2019-03-20,"$281,250 "
2019-03-21,"$220,000 "
2019-03-22,"$200,000 "
2019-03-23,"$262,500 "
2019-03-24,"$385,000 "
2019-03-25,"$425,000 "
2019-03-26,"$281,250 "
2019-03-27,"$220,000 "
2019-03-28,"$210,000 "
2019-03-29,"$250,000 "
2019-03-30,"$371,250 "
2019-03-31,"$400,000 "
2019-04-01,"$270,000 "
2019-04-02,"$210,000 "
2019-04-03,"$200,000 "
2019-04-04,"$250,000 "
2019-04-05,"$330,000 "
2019-04-06,"$426,250 "
2019-04-07,"$270,000 "
2019-04-08,"$225,000 "
2019-04-09,"$213,750 "
2019-04-10,"$261,250 "
2019-04-11,"$360,000 "
2019-04-12,"$412,500 "
2019-04-13,"$258,750 "
2019-04-14,"$234,000 "
2019-04-15,"$225,000 "
2019-04-16,"$261,250 "
2019-04-17,"$345,000 "
2019-04-18,"$440,000 "
2019-04-19,"$270,000 "
2019-04-20,"$247,500 "
2019-04-21,"$225,000 "
2019-04-22,"$275,000 "
2019-04-23,"$360,000 "
2019-04-24,"$105,000 "
2019-04-25,"$140,000 "
2019-04-26,"$140,000 "
2019-04-27,"$80,000 "
2019-04-28,"$67,500 "
2019-04-29,"$160,000 "
2019-04-30,"$135,000 "
2019-05-01,"$140,000 "
2019-05-02,"$140,000 "
2019-05-03,"$80,000 "
2019-05-04,"$56,250 "
2019-05-05,"$130,000 "
2019-05-06,"$190,000 "
2019-05-07,"$162,500 "
2019-05-08,"$192,500 "
2019-05-09,"$125,000 "
2019-05-10,"$55,000 "
2019-05-11,"$150,000 "
2019-05-12,"$261,250 "
2019-05-13,"$165,000 "
2019-05-14,"$195,000 "
2019-05-15,"$101,250 "
2019-05-16,"$62,500 "
2019-05-17,"$195,000 "
2019-05-18,"$250,000 "
2019-05-19,"$192,500 "
2019-05-20,"$192,500 "
2019-05-21,"$137,500 "
2019-05-22,"$78,750 "
2019-05-23,"$315,000 "
2019-05-24,"$426,250 "
2019-05-25,"$422,500 "
2019-05-26,"$520,000 "
2019-05-27,"$420,000 "
2019-05-28,"$360,000 "
2019-05-29,"$735,000 "
2019-05-30,"$722,500 "
2019-05-31,"$630,000 "
2019-06-01,"$585,000 "
2019-06-02,"$467,500 "
2019-06-03,"$540,000 "
2019-06-04,"$630,000 "
2019-06-05,"$720,000 "
2019-06-06,"$620,000 "
2019-06-07,"$455,000 "
2019-06-08,"$297,500 "
2019-06-09,"$297,500 "
2019-06-10,"$187,500 "
2019-06-11,"$225,000 "
2019-06-12,"$247,500 "
2019-06-13,"$125,000 "
2019-06-14,"$100,000 "
2019-06-15,"$135,000 "
2019-06-16,"$112,500 "
2019-06-17,"$140,000 "
2019-06-18,"$288,750 "
2019-06-19,"$175,000 "
2019-06-20,"$146,250 "
2019-06-21,"$165,000 "
2019-06-22,"$210,000 "
2019-06-23,"$258,750 "
2019-06-24,"$325,000 "
2019-06-25,"$213,750 "
2019-06-26,"$247,500 "
2019-06-27,"$318,750 "
2019-06-28,"$440,000 "
2019-06-29,"$487,500 "
2019-06-30,"$562,500 "
2019-07-01,"$385,000 "
2019-07-02,"$385,000 "
2019-07-03,"$380,000 "
2019-07-04,"$488,750 "
2019-07-05,"$262,500 "
2019-07-06,"$192,500 "
2019-07-07,"$137,500 "
2019-07-08,"$120,000 "
2019-07-09,"$202,500 "
2019-07-10,"$192,500 "
2019-07-11,"$280,000 "
2019-07-12,"$157,500 "
2019-07-13,"$125,000 "
2019-07-14,"$112,500 "
2019-07-15,"$202,500 "
2019-07-16,"$192,500 "
2019-07-17,"$269,500 "
2019-07-18,"$157,500 "
2019-07-19,"$118,750 "
2019-07-20,"$97,500 "
2019-07-21,"$168,750 "
2019-07-22,"$166,250 "
2019-07-23,"$253,750 "
2019-07-24,"$170,000 "
2019-07-25,"$135,000 "
2019-07-26,"$131,250 "
2019-07-27,"$200,000 "
2019-07-28,"$210,000 "
2019-07-29,"$397,500 "
2019-07-30,"$250,000 "
2019-07-31,"$213,750 "
2019-08-01,"$202,500 "
2019-08-02,"$261,250 "
2019-08-03,"$345,000 "
2019-08-04,"$453,750 "
2019-08-05,"$287,500 "
2019-08-06,"$247,500 "
2019-08-07,"$236,250 "
2019-08-08,"$315,000 "
2019-08-09,"$438,750 "
2019-08-10,"$540,000 "
2019-08-11,"$357,500 "
2019-08-12,"$287,500 "
2019-08-13,"$262,500 "
2019-08-14,"$330,000 "
2019-08-15,"$471,250 "
2019-08-16,"$525,000 "
2019-08-17,"$357,500 "
2019-08-18,"$258,750 "
2019-08-19,"$183,750 "
2019-08-20,"$225,000 "
2019-08-21,"$337,500 "
2019-08-22,"$360,000 "
2019-08-23,"$240,000 "
2019-08-24,"$175,000 "
2019-08-25,"$166,250 "
2019-08-26,"$213,750 "
2019-08-27,"$287,500 "
2019-08-28,"$375,000 "
2019-08-29,"$230,000 "
2019-08-30,"$170,000 "
2019-08-31,"$160,000 "
2019-09-01,"$200,000 "
2019-09-02,"$288,750 "
2019-09-03,"$337,500 "
2019-09-04,"$225,000 "
2019-09-05,"$200,250 "
2019-09-06,"$213,750 "
2019-09-07,"$270,000 "
2019-09-08,"$406,250 "
2019-09-09,"$510,000 "
2019-09-10,"$325,000 "
2019-09-11,"$300,000 "
2019-09-12,"$275,000 "
2019-09-13,"$330,000 "
2019-09-14,"$422,500 "
2019-09-15,"$187,500 "
2019-09-16,"$127,500 "
2019-09-17,"$85,000 "
2019-09-18,"$68,750 "
2019-09-19,"$130,000 "
2019-09-20,"$127,500 "
2019-09-21,"$202,500 "
2019-09-22,"$97,500 "
2019-09-23,"$75,000 "
2019-09-24,"$62,500 "
2019-09-25,"$130,000 "
2019-09-26,"$120,000 "
2019-09-27,"$217,000 "
2019-09-28,"$105,000 "
2019-09-29,"$87,500 "
2019-09-30,"$60,000 "
2019-10-01,"$112,500 "
2019-10-02,"$122,500 "
2019-10-03,"$201,250 "
2019-10-04,"$82,500 "
2019-10-05,"$55,000 "
2019-10-06,"$50,000 "
2019-10-07,"$90,000 "
2019-10-08,"$105,000 "
2019-10-09,"$248,000 "
2019-10-10,"$113,750 "
2019-10-11,"$90,000 "
2019-10-12,"$67,500 "
2019-10-13,"$112,500 "
2019-10-14,"$175,000 "
2019-10-15,"$210,000 "
2019-10-16,"$105,000 "
2019-10-17,"$93,750 "
2019-10-18,"$87,500 "
2019-10-19,"$140,000 "
2019-10-20,"$236,250 "
2019-10-21,"$300,000 "
2019-10-22,"$175,000 "
2019-10-23,"$127,500 "
2019-10-24,"$112,500 "
2019-10-25,"$150,000 "
2019-10-26,"$247,500 "
2019-10-27,"$280,000 "
2019-10-28,"$190,000 "
2019-10-29,"$140,000 "
2019-10-30,"$81,250 "
2019-10-31,"$105,000 "
2019-11-01,"$190,000 "
2019-11-02,"$210,000 "
2019-11-03,"$120,000 "
2019-11-04,"$45,000 "
2019-11-05,"$41,250 "
2019-11-06,"$68,750 "
2019-11-07,"$105,000 "
2019-11-08,"$183,750 "
2019-11-09,"$87,500 "
2019-11-10,"$62,500 "
2019-11-11,"$56,250 "
2019-11-12,"$78,750 "
2019-11-13,"$140,000 "
2019-11-14,"$175,000 "
2019-11-15,"$87,500 "
2019-11-16,"$73,750 "
2019-11-17,"$81,250 "
2019-11-18,"$135,000 "
2019-11-19,"$200,000 "
2019-11-20,"$292,500 "
2019-11-21,"$157,500 "
2019-11-22,"$140,000 "
2019-11-23,"$122,500 "
2019-11-24,"$157,500 "
2019-11-25,"$225,000 "
2019-11-26,"$168,750 "
2019-11-27,"$118,750 "
2019-11-28,"$71,250 "
2019-11-29,"$65,000 "
2019-11-30,"$131,250 "
2019-12-01,"$118,750 "
2019-12-02,"$181,250 "
2019-12-03,"$93,750 "
2019-12-04,"$63,750 "
2019-12-05,"$60,000 "
2019-12-06,"$131,250 "
2019-12-07,"$112,500 "
2019-12-08,"$201,000 "
2019-12-09,"$105,000 "
2019-12-10,"$80,000 "
2019-12-11,"$62,500 "
2019-12-12,"$120,000 "
2019-12-13,"$120,000 "
2019-12-14,"$187,500 "
2019-12-15,"$81,250 "
2019-12-16,"$48,750 "
2019-12-17,"$50,000 "
2019-12-18,"$96,250 "
2019-12-19,"$100,000 "
2019-12-20,"$234,500 "
2019-12-21,"$112,500 "
2019-12-22,"$87,500 "
2019-12-23,"$68,750 "
2019-12-24,"$120,000 "
2019-12-25,"$180,000 "
2019-12-26,"$195,000 "
2019-12-27,"$100,000 "
2019-12-28,"$85,000 "
2019-12-29,"$80,000 "
2019-12-30,"$140,000 "
2019-12-31,"$230,000 "
2020-01-01,"$280,000 "
2020-01-02,"$165,000 "
2020-01-03,"$118,750 "
2020-01-04,"$106,250 "
2020-01-05,"$148,750 "
2020-01-06,"$240,000 "
2020-01-07,"$262,500 "
2020-01-08,"$183,750 "
2020-01-09,"$135,000 "
2020-01-10,"$75,000 "
2020-01-11,"$105,000 "
2020-01-12,"$183,750 "
2020-01-13,"$195,000 "
2020-01-14,"$112,500 "
2020-01-15,"$35,000 "
2020-01-16,"$32,500 "
2020-01-17,"$65,000 "
2020-01-18,"$100,000 "
2020-01-19,"$172,500 "
2020-01-20,"$80,000 "
2020-01-21,"$60,000 "
2020-01-22,"$55,000 "
2020-01-23,"$82,500 "
2020-01-24,"$140,000 "
2020-01-25,"$165,000 "
2020-01-26,"$80,000 "
2020-01-27,"$69,000 "
2020-01-28,"$75,000 "
2020-01-29,"$140,000 "
2020-01-30,"$202,500 "
2020-01-31,"$280,000 "
2020-02-01,"$150,000 "
2020-02-02,"$135,000 "
2020-02-03,"$120,000 "
2020-02-04,"$160,000 "
2020-02-05,"$225,000 "
2020-02-06,"$105,000 "
2020-02-07,"$140,000 "
2020-02-08,"$140,000 "
2020-02-09,"$80,000 "
2020-02-10,"$67,500 "
2020-02-11,"$160,000 "
2020-02-12,"$135,000 "
2020-02-13,"$140,000 "
2020-02-14,"$140,000 "
2020-02-15,"$80,000 "
2020-02-16,"$56,250 "
2020-02-17,"$130,000 "
2020-02-18,"$190,000 "
2020-02-19,"$162,500 "
2020-02-20,"$192,500 "
2020-02-21,"$125,000 "
2020-02-22,"$55,000 "
2020-02-23,"$150,000 "
2020-02-24,"$261,250 "
2020-02-25,"$165,000 "
2020-02-26,"$195,000 "
2020-02-27,"$101,250 "
2020-02-28,"$62,500 "
2020-02-29,"$195,000 "
2020-03-01,"$250,000 "
2020-03-02,"$192,500 "
2020-03-03,"$192,500 "
2020-03-04,"$137,500 "
2020-03-05,"$78,750 "
2020-03-06,"$315,000 "
2020-03-07,"$426,250 "
2020-03-08,"$422,500 "
2020-03-09,"$520,000 "
2020-03-10,"$420,000 "
2020-03-11,"$360,000 "
2020-03-12,"$735,000 "
2020-03-13,"$722,500 "
2020-03-14,"$630,000 "
2020-03-15,"$585,000 "
2020-03-16,"$467,500 "
2020-03-17,"$540,000 "
2020-03-18,"$630,000 "
2020-03-19,"$720,000 "
2020-03-20,"$620,000 "
2020-03-21,"$455,000 "
2020-03-22,"$297,500 "
2020-03-23,"$297,500 "
2020-03-24,"$187,500 "
2020-03-25,"$225,000 "
2020-03-26,"$247,500 "
2020-03-27,"$125,000 "
2020-03-28,"$100,000 "
2020-03-29,"$135,000 "
2020-03-30,"$112,500 "
2020-03-31,"$140,000 "
2020-04-01,"$288,750 "
2020-04-02,"$175,000 "
2020-04-03,"$146,250 "
2020-04-04,"$165,000 "
2020-04-05,"$210,000 "
2020-04-06,"$258,750 "
2020-04-07,"$325,000 "
2020-04-08,"$213,750 "
2020-04-09,"$247,500 "
2020-04-10,"$318,750 "
2020-04-11,"$440,000 "
2020-04-12,"$487,500 "
2020-04-13,"$562,500 "
2020-04-14,"$385,000 "
2020-04-15,"$385,000 "
2020-04-16,"$380,000 "
2020-04-17,"$488,750 "
2020-04-18,"$140,000 "
2020-04-19,"$180,000 "
2020-04-20,"$180,000 "
2020-04-21,"$112,500 "
2020-04-22,"$100,000 "
2020-04-23,"$202,500 "
2020-04-24,"$175,000 "
2020-04-25,"$180,000 "
2020-04-26,"$180,000 "
2020-04-27,"$112,500 "
2020-04-28,"$87,500 "
2020-04-29,"$168,750 "
2020-04-30,"$236,250 "
2020-05-01,"$206,250 "
2020-05-02,"$240,000 "
2020-05-03,"$165,000 "
2020-05-04,"$90,000 "
2020-05-05,"$157,500 "
2020-05-06,"$262,500 "
2020-05-07,"$178,750 "
2020-05-08,"$206,250 "
2020-05-09,"$110,000 "
2020-05-10,"$78,750 "
2020-05-11,"$210,000 "
2020-05-12,"$247,500 "
2020-05-13,"$200,000 "
2020-05-14,"$200,000 "
2020-05-15,"$146,250 "
2020-05-16,"$90,000 "
2020-05-17,"$373,750 "
2020-05-18,"$495,000 "
2020-05-19,"$490,000 "
2020-05-20,"$595,000 "
2020-05-21,"$488,750 "
2020-05-22,"$427,500 "
2020-05-23,"$825,000 "
2020-05-24,"$810,000 "
2020-05-25,"$712,500 "
2020-05-26,"$665,000 "
2020-05-27,"$540,000 "
2020-05-28,"$617,500 "
2020-05-29,"$715,000 "
2020-05-30,"$807,500 "
2020-05-31,"$701,250 "
2020-06-01,"$525,000 "
2020-06-02,"$356,250 "
2020-06-03,"$308,750 "
2020-06-04,"$210,000 "
2020-06-05,"$225,000 "
2020-06-06,"$250,000 "
2020-06-07,"$135,000 "
2020-06-08,"$112,500 "
2020-06-09,"$151,250 "
2020-06-10,"$120,000 "
2020-06-11,"$140,000 "
2020-06-12,"$287,500 "
2020-06-13,"$180,000 "
2020-06-14,"$150,000 "
2020-06-15,"$175,000 "
2020-06-16,"$220,000 "
2020-06-17,"$250,000 "
2020-06-18,"$315,000 "
2020-06-19,"$210,000 "
2020-06-20,"$250,000 "
2020-06-21,"$332,500 "
2020-06-22,"$510,000 "
2020-06-23,"$560,000 "
2020-06-24,"$640,000 "
2020-06-25,"$450,000 "
2020-06-26,"$450,000 "
2020-06-27,"$446,250 "
2020-06-28,"$562,500 "
2020-06-29,"$135,000 "
2020-06-30,"$202,500 "
2020-07-01,"$142,500 "
2020-07-02,"$166,250 "
2020-07-03,"$130,000 "
2020-07-04,"$166,250 "
2020-07-05,"$156,250 "
2020-07-06,"$210,000 "
2020-07-07,"$148,750 "
2020-07-08,"$131,250 "
2020-07-09,"$100,000 "
2020-07-10,"$157,500 "
2020-07-11,"$187,500 "
2020-07-12,"$250,000 "
2020-07-13,"$135,000 "
2020-07-14,"$122,500 "
2020-07-15,"$100,000 "
2020-07-16,"$140,000 "
2020-07-17,"$130,000 "
2020-07-18,"$195,000 "
2020-07-19,"$118,750 "
2020-07-20,"$112,500 "
2020-07-21,"$96,250 "
2020-07-22,"$165,000 "
2020-07-23,"$140,000 "
2020-07-24,"$217,500 "
2020-07-25,"$143,750 "
2020-07-26,"$175,000 "
2020-07-27,"$200,000 "
2020-07-28,"$337,500 "
2020-07-29,"$337,500 "
2020-07-30,"$375,000 "
2020-07-31,"$300,000 "
2020-08-01,"$275,000 "
2020-08-02,"$247,500 "
2020-08-03,"$495,000 "
2020-08-04,"$387,500 "
2020-08-05,"$426,250 "
2020-08-06,"$462,500 "
2020-08-07,"$262,500 "
2020-08-08,"$288,750 "
2020-08-09,"$520,000 "
2020-08-10,"$375,000 "
2020-08-11,"$412,500 "
2020-08-12,"$462,500 "
2020-08-13,"$237,500 "
2020-08-14,"$261,250 "
2020-08-15,"$435,000 "
2020-08-16,"$371,250 "
2020-08-17,"$343,750 "
2020-08-18,"$405,000 "
2020-08-19,"$240,000 "
2020-08-20,"$220,000 "
2020-08-21,"$312,500 "
2020-08-22,"$230,000 "
2020-08-23,"$230,000 "
2020-08-24,"$236,250 "
2020-08-25,"$168,750 "
2020-08-26,"$122,500 "
2020-08-27,"$236,250 "
2020-08-28,"$236,250 "
2020-08-29,"$236,250 "
2020-08-30,"$360,000 "
2020-08-31,"$270,000 "
2020-09-01,"$233,750 "
2020-09-02,"$406,250 "
2020-09-03,"$426,250 "
2020-09-04,"$426,250 "
2020-09-05,"$405,000 "
2020-09-06,"$315,000 "
2020-09-07,"$261,250 "
2020-09-08,"$471,250 "
2020-09-09,"$127,500 "
2020-09-10,"$170,000 "
2020-09-11,"$170,000 "
2020-09-12,"$110,000 "
2020-09-13,"$101,250 "
2020-09-14,"$170,000 "
2020-09-15,"$142,500 "
2020-09-16,"$150,000 "
2020-09-17,"$150,000 "
2020-09-18,"$90,000 "
2020-09-19,"$67,500 "
2020-09-20,"$140,000 "
2020-09-21,"$200,000 "
2020-09-22,"$175,000 "
2020-09-23,"$175,000 "
2020-09-24,"$112,500 "
2020-09-25,"$68,750 "
2020-09-26,"$162,500 "
2020-09-27,"$250,000 "
2020-09-28,"$165,000 "
2020-09-29,"$192,500 "
2020-09-30,"$125,000 "
2020-10-01,"$82,500 "
2020-10-02,"$227,500 "
2020-10-03,"$262,500 "
2020-10-04,"$206,250 "
2020-10-05,"$220,000 "
2020-10-06,"$150,000 "
2020-10-07,"$110,000 "
2020-10-08,"$262,500 "
2020-10-09,"$312,500 "
2020-10-10,"$261,250 "
2020-10-11,"$261,250 "
2020-10-12,"$175,000 "
2020-10-13,"$123,750 "
2020-10-14,"$367,500 "
2020-10-15,"$337,500 "
2020-10-16,"$288,750 "
2020-10-17,"$261,250 "
2020-10-18,"$187,500 "
2020-10-19,"$233,750 "
2020-10-20,"$297,500 "
2020-10-21,"$343,750 "
2020-10-22,"$345,000 "
2020-10-23,"$247,500 "
2020-10-24,"$220,000 "
2020-10-25,"$260,000 "
2020-10-26,"$262,500 "
2020-10-27,"$258,750 "
2020-10-28,"$287,500 "
2020-10-29,"$191,250 "
2020-10-30,"$168,750 "
2020-10-31,"$206,250 "
2020-11-01,"$255,000 "
2020-11-02,"$225,000 "
2020-11-03,"$250,000 "
2020-11-04,"$146,250 "
2020-11-05,"$135,000 "
2020-11-06,"$151,250 "
2020-11-07,"$195,000 "
2020-11-08,"$225,000 "
2020-11-09,"$262,500 "
2020-11-10,"$168,750 "
2020-11-11,"$157,500 "
2020-11-12,"$165,000 "
2020-11-13,"$255,000 "
2020-11-14,"$281,250 "
2020-11-15,"$312,500 "
2020-11-16,"$191,250 "
2020-11-17,"$191,250 "
2020-11-18,"$192,500 "
2020-11-19,"$270,000 "
2020-11-20,"$166,250 "
2020-11-21,"$213,750 "
2020-11-22,"$213,750 "
2020-11-23,"$146,250 "
2020-11-24,"$137,500 "
2020-11-25,"$213,750 "
2020-11-26,"$183,750 "
2020-11-27,"$191,250 "
2020-11-28,"$191,250 "
2020-11-29,"$123,750 "
2020-11-30,"$100,000 "
2020-12-01,"$180,000 "
2020-12-02,"$247,500 "
2020-12-03,"$220,000 "
2020-12-04,"$220,000 "
2020-12-05,"$151,250 "
2020-12-06,"$105,000 "
2020-12-07,"$206,250 "
2020-12-08,"$302,500 "
2020-12-09,"$210,000 "
2020-12-10,"$240,000 "
2020-12-11,"$165,000 "
2020-12-12,"$120,000 "
2020-12-13,"$281,250 "
2020-12-14,"$316,250 "
2020-12-15,"$255,000 "
2020-12-16,"$270,000 "
2020-12-17,"$192,500 "
2020-12-18,"$150,000 "
2020-12-19,"$318,750 "
2020-12-20,"$385,000 "
2020-12-21,"$330,000 "
2020-12-22,"$330,000 "
2020-12-23,"$233,750 "
2020-12-24,"$180,000 "
2020-12-25,"$450,000 "
2020-12-26,"$412,500 "
2020-12-27,"$360,000 "
2020-12-28,"$330,000 "
2020-12-29,"$247,500 "
2020-12-30,"$300,000 "
2020-12-31,"$375,000 "
2021-01-01,"$420,000 "
2021-01-02,"$422,500 "
2021-01-03,"$315,000 "
2021-01-04,"$285,000 "
2021-01-05,"$332,500 "
2021-01-06,"$337,500 "
2021-01-07,"$312,500 "
2021-01-08,"$343,750 "
2021-01-09,"$237,500 "
2021-01-10,"$212,500 "
2021-01-11,"$255,000 "
2021-01-12,"$308,750 "
2021-01-13,"$275,000 "
2021-01-14,"$302,500 "
2021-01-15,"$187,500 "
2021-01-16,"$175,000 "
2021-01-17,"$195,000 "
2021-01-18,"$281,250 "
2021-01-19,"$330,000 "
2021-01-20,"$390,000 "
2021-01-21,"$270,000 "
2021-01-22,"$255,000 "
2021-01-23,"$262,500 "
2021-01-24,"$375,000 "
2021-01-25,"$420,000 "
2021-01-26,"$455,000 "
2021-01-27,"$300,000 "
2021-01-28,"$300,000 "
2021-01-29,"$297,500 "
2021-01-30,"$393,750 "
2021-01-31,"$135,000 "
2021-02-01,"$180,000 "
2021-02-02,"$180,000 "
2021-02-03,"$120,000 "
2021-02-04,"$112,500 "
2021-02-05,"$180,000 "
2021-02-06,"$150,000 "
2021-02-07,"$160,000 "
2021-02-08,"$160,000 "
2021-02-09,"$100,000 "
2021-02-10,"$78,750 "
2021-02-11,"$150,000 "
2021-02-12,"$210,000 "
2021-02-13,"$187,500 "
2021-02-14,"$187,500 "
2021-02-15,"$125,000 "
2021-02-16,"$82,500 "
2021-02-17,"$175,000 "
2021-02-18,"$262,500 "
2021-02-19,"$178,750 "
2021-02-20,"$206,250 "
2021-02-21,"$137,500 "
2021-02-22,"$96,250 "
2021-02-23,"$245,000 "
2021-02-24,"$275,000 "
2021-02-25,"$220,000 "
2021-02-26,"$233,750 "
2021-02-27,"$162,500 "
2021-02-28,"$123,750 "
2021-03-01,"$280,000 "
2021-03-02,"$337,500 "
2021-03-03,"$288,750 "
2021-03-04,"$288,750 "
2021-03-05,"$200,000 "
2021-03-06,"$151,250 "
2021-03-07,"$402,500 "
2021-03-08,"$362,500 "
2021-03-09,"$316,250 "
2021-03-10,"$288,750 "
2021-03-11,"$212,500 "
2021-03-12,"$261,250 "
2021-03-13,"$332,500 "
2021-03-14,"$371,250 "
2021-03-15,"$375,000 "
2021-03-16,"$275,000 "
2021-03-17,"$247,500 "
2021-03-18,"$292,500 "
2021-03-19,"$297,500 "
2021-03-20,"$270,000 "
2021-03-21,"$300,000 "
2021-03-22,"$202,500 "
2021-03-23,"$180,000 "
2021-03-24,"$220,000 "
2021-03-25,"$270,000 "
2021-03-26,"$236,250 "
2021-03-27,"$262,500 "
2021-03-28,"$157,500 "
2021-03-29,"$146,250 "
2021-03-30,"$165,000 "
2021-03-31,"$245,000 "
2021-04-01,"$288,750 "
2021-04-02,"$345,000 "
2021-04-03,"$233,750 "
2021-04-04,"$220,000 "
2021-04-05,"$227,500 "
2021-04-06,"$332,500 "
2021-04-07,"$371,250 "
2021-04-08,"$405,000 "
2021-04-09,"$261,250 "
2021-04-10,"$261,250 "
2021-04-11,"$260,000 "
2021-04-12,"$350,000 "
2021-04-13,"$410,000 "
2021-04-14,"$330,000 "
2021-04-15,"$247,500 "
2021-04-16,"$236,250 "
2021-04-17,"$362,500 "
2021-04-18,"$330,000 "
2021-04-19,"$430,000 "
2021-04-20,"$290,000 "
2021-04-21,"$232,500 "
2021-04-22,"$218,750 "
2021-04-23,"$350,000 "
2021-04-24,"$280,000 "
2021-04-25,"$357,000 "
2021-04-26,"$245,000 "
2021-04-27,"$181,250 "
2021-04-28,"$172,500 "
2021-04-29,"$281,250 "
2021-04-30,"$253,750 "
2021-05-01,"$341,250 "
2021-05-02,"$236,250 "
2021-05-03,"$168,750 "
2021-05-04,"$180,000 "
2021-05-05,"$312,500 "
2021-05-06,"$310,000 "
2021-05-07,"$522,500 "
2021-05-08,"$375,000 "
2021-05-09,"$326,250 "
2021-05-10,"$303,750 "
2021-05-11,"$385,000 "
2021-05-12,"$480,000 "
2021-05-13,"$577,500 "
2021-05-14,"$400,000 "
2021-05-15,"$387,500 "
2021-05-16,"$375,000 "
2021-05-17,"$487,500 "
2021-05-18,"$647,500 "
2021-05-19,"$747,500 "
2021-05-20,"$540,000 "
2021-05-21,"$453,750 "
2021-05-22,"$426,250 "
2021-05-23,"$520,000 "
2021-05-24,"$682,500 "
2021-05-25,"$731,250 "
2021-05-26,"$540,000 "
2021-05-27,"$453,750 "
2021-05-28,"$348,750 "
2021-05-29,"$412,500 "
2021-05-30,"$555,000 "
2021-05-31,"$563,750 "
2021-06-01,"$412,500 "
2021-06-02,"$290,000 "
2021-06-03,"$280,000 "
2021-06-04,"$350,000 "
2021-06-05,"$440,000 "
2021-06-06,"$536,250 "
2021-06-07,"$360,000 "
2021-06-08,"$303,750 "
2021-06-09,"$292,500 "
2021-06-10,"$357,500 "
2021-06-11,"$465,000 "
2021-06-12,"$508,750 "
2021-06-13,"$337,500 "
2021-06-14,"$312,750 "
2021-06-15,"$412,500 "
2021-06-16,"$507,500 "
2021-06-17,"$618,750 "
2021-06-18,"$752,500 "
2021-06-19,"$525,000 "
2021-06-20,"$495,000 "
2021-06-21,"$465,000 "
2021-06-22,"$542,500 "
2021-06-23,"$656,250 "
2021-06-24,"$323,750 "
2021-06-25,"$253,750 "
2021-06-26,"$181,250 "
2021-06-27,"$172,500 "
2021-06-28,"$281,250 "
2021-06-29,"$253,750 "
2021-06-30,"$341,250 "
2021-07-01,"$218,750 "
2021-07-02,"$168,750 "
2021-07-03,"$157,500 "
2021-07-04,"$270,000 "
2021-07-05,"$210,000 "
2021-07-06,"$276,000 "
2021-07-07,"$180,000 "
2021-07-08,"$125,000 "
2021-07-09,"$118,750 "
2021-07-10,"$210,000 "
2021-07-11,"$187,500 "
2021-07-12,"$262,500 "
2021-07-13,"$172,500 "
2021-07-14,"$115,000 "
2021-07-15,"$125,000 "
2021-07-16,"$236,250 "
2021-07-17,"$236,250 "
2021-07-18,"$425,250 "
2021-07-19,"$292,500 "
2021-07-20,"$250,000 "
2021-07-21,"$230,000 "
2021-07-22,"$300,000 "
2021-07-23,"$385,000 "
2021-07-24,"$475,000 "
2021-07-25,"$315,000 "
2021-07-26,"$337,500 "
2021-07-27,"$325,000 "
2021-07-28,"$422,500 "
2021-07-29,"$577,500 "
2021-07-30,"$682,500 "
2021-07-31,"$480,000 "
2021-08-01,"$398,750 "
2021-08-02,"$371,250 "
2021-08-03,"$455,000 "
2021-08-04,"$612,500 "
2021-08-05,"$666,250 "
2021-08-06,"$480,000 "
2021-08-07,"$398,750 "
2021-08-08,"$303,750 "
2021-08-09,"$357,500 "
2021-08-10,"$495,000 "
2021-08-11,"$508,750 "
2021-08-12,"$362,500 "
2021-08-13,"$187,500 "
2021-08-14,"$180,000 "
2021-08-15,"$240,000 "
2021-08-16,"$315,000 "
2021-08-17,"$393,750 "
2021-08-18,"$245,000 "
2021-08-19,"$201,250 "
2021-08-20,"$192,500 "
2021-08-21,"$247,500 "
2021-08-22,"$337,500 "
2021-08-23,"$371,250 "
2021-08-24,"$227,500 "
2021-08-25,"$238,000 "
2021-08-26,"$390,000 "
2021-08-27,"$468,750 "
2021-08-28,"$543,750 "
2021-08-29,"$682,500 "
2021-08-30,"$465,000 "
2021-08-31,"$435,000 "
2021-09-01,"$405,000 "
2021-09-02,"$472,500 "
2021-09-03,"$581,250 "
2021-09-04,"$271,250 "
2021-09-05,"$201,250 "
2021-09-06,"$143,750 "
2021-09-07,"$127,500 "
2021-09-08,"$213,750 "
2021-09-09,"$201,250 "
2021-09-10,"$288,750 "
2021-09-11,"$166,250 "
2021-09-12,"$131,250 "
2021-09-13,"$112,500 "
2021-09-14,"$202,500 "
2021-09-15,"$165,000 "
2021-09-16,"$231,000 "
2021-09-17,"$135,000 "
2021-09-18,"$95,000 "
2021-09-19,"$81,250 "
2021-09-20,"$150,000 "
2021-09-21,"$142,500 "
2021-09-22,"$217,500 "
2021-09-23,"$127,500 "
2021-09-24,"$85,000 "
2021-09-25,"$87,500 "
2021-09-26,"$168,750 "
2021-09-27,"$183,750 "
2021-09-28,"$357,750 "
2021-09-29,"$225,000 "
2021-09-30,"$190,000 "
2021-10-01,"$170,000 "
2021-10-02,"$225,000 "
2021-10-03,"$302,500 "
2021-10-04,"$400,000 "
2021-10-05,"$247,500 "
2021-10-06,"$262,500 "
2021-10-07,"$250,000 "
2021-10-08,"$325,000 "
2021-10-09,"$472,500 "
2021-10-10,"$585,000 "
2021-10-11,"$390,000 "
2021-10-12,"$316,250 "
2021-10-13,"$288,750 "
2021-10-14,"$357,500 "
2021-10-15,"$507,500 "
2021-10-16,"$568,750 "
2021-10-17,"$390,000 "
2021-10-18,"$316,250 "
2021-10-19,"$236,250 "
2021-10-20,"$275,000 "
2021-10-21,"$405,000 "
2021-10-22,"$426,250 "
2021-10-23,"$287,500 "
2021-10-24,"$118,750 "
2021-10-25,"$112,500 "
2021-10-26,"$157,500 "
2021-10-27,"$220,000 "
2021-10-28,"$290,000 "
2021-10-29,"$165,000 "
2021-10-30,"$127,500 "
2021-10-31,"$120,000 "
2021-11-01,"$160,000 "
2021-11-02,"$210,000 "
2021-11-03,"$236,250 "
2021-11-04,"$125,000 "
2021-11-05,"$155,750 "
2021-11-06,"$325,000 "
2021-11-07,"$380,000 "
2021-11-08,"$460,000 "
2021-11-09,"$618,750 "
2021-11-10,"$406,250 "
2021-11-11,"$373,750 "
2021-11-12,"$341,250 "
2021-11-13,"$393,750 "
2021-11-14,"$500,000 "
2021-11-15,"$200,000 "
2021-11-16,"$120,000 "
2021-11-17,"$90,000 "
2021-11-18,"$52,500 "
2021-11-19,"$100,000 "
2021-11-20,"$120,000 "
2021-11-21,"$220,000 "
2021-11-22,"$80,000 "
2021-11-23,"$75,000 "
2021-11-24,"$43,750 "
2021-11-25,"$100,000 "
2021-11-26,"$120,000 "
2021-11-27,"$234,000 "
2021-11-28,"$101,250 "
2021-11-29,"$87,500 "
2021-11-30,"$40,000 "
2021-12-01,"$82,500 "
2021-12-02,"$112,500 "
2021-12-03,"$213,750 "
2021-12-04,"$78,750 "
2021-12-05,"$70,000 "
2021-12-06,"$45,000 "
2021-12-07,"$62,500 "
2021-12-08,"$100,000 "
2021-12-09,"$260,000 "
2021-12-10,"$101,250 "
2021-12-11,"$80,000 "
2021-12-12,"$50,000 "
2021-12-13,"$75,000 "
2021-12-14,"$151,250 "
2021-12-15,"$210,000 "
2021-12-16,"$96,250 "
2021-12-17,"$67,500 "
2021-12-18,"$60,000 "
2021-12-19,"$100,000 "
2021-12-20,"$206,250 "
2021-12-21,"$300,000 "
2021-12-22,"$157,500 "
2021-12-23,"$110,000 "
2021-12-24,"$90,000 "
2021-12-25,"$125,000 "
2021-12-26,"$233,750 "
2021-12-27,"$87,500 "
2021-12-28,"$40,000 "
2021-12-29,"$82,500 "
2021-12-30,"$112,500 "
2021-12-31,"$213,750 "
